loadtest_user_1769056335658@nativeorg.com,123456
loadtest_user_1769058364695@nativeorg.com,123456
loadtest_user_1769060301431@nativeorg.com,123456
loadtest_user_1769058836231@nativeorg.com,123456
loadtest_user_1769059549387@nativeorg.com,123456
loadtest_user_1769054950049@nativeorg.com,123456
loadtest_user_1769055099754@nativeorg.com,123456
loadtest_user_1769058022086@nativeorg.com,123456
loadtest_user_1769054971408@nativeorg.com,123456
loadtest_user_1769055227078@nativeorg.com,123456
loadtest_user_1769056890694@nativeorg.com,123456
loadtest_user_1769056912443@nativeorg.com,123456
loadtest_user_1769057211233@nativeorg.com,123456
loadtest_user_1769060366792@nativeorg.com,123456
loadtest_user_1769054992902@nativeorg.com,123456
loadtest_user_1769055972479@nativeorg.com,123456
loadtest_user_1769055014610@nativeorg.com,123456
loadtest_user_1769057638574@nativeorg.com,123456
loadtest_user_1769055035689@nativeorg.com,123456
loadtest_user_1769055441201@nativeorg.com,123456
loadtest_user_1769056100329@nativeorg.com,123456
loadtest_user_1769056228618@nativeorg.com,123456
loadtest_user_1769055056923@nativeorg.com,123456
loadtest_user_1769055163534@nativeorg.com,123456
loadtest_user_1769055355491@nativeorg.com,123456
loadtest_user_1769056293122@nativeorg.com,123456
loadtest_user_1769055078619@nativeorg.com,123456
loadtest_user_1769055334501@nativeorg.com,123456
loadtest_user_1769055120607@nativeorg.com,123456
loadtest_user_1769055632992@nativeorg.com,123456
loadtest_user_1769060061091@nativeorg.com,123456
loadtest_user_1769060603296@nativeorg.com,123456
loadtest_user_1769061183726@nativeorg.com,123456
loadtest_user_1769055142412@nativeorg.com,123456
loadtest_user_1769055184463@nativeorg.com,123456
loadtest_user_1769057808951@nativeorg.com,123456
loadtest_user_1769058235434@nativeorg.com,123456
loadtest_user_1769060538591@nativeorg.com,123456
loadtest_user_1769061227046@nativeorg.com,123456
loadtest_user_1769055206005@nativeorg.com,123456
loadtest_user_1769059649425@nativeorg.com,123456
loadtest_user_1769055248447@nativeorg.com,123456
loadtest_user_1769057083347@nativeorg.com,123456
loadtest_user_1769055270153@nativeorg.com,123456
loadtest_user_1769055718060@nativeorg.com,123456
loadtest_user_1769056805256@nativeorg.com,123456
loadtest_user_1769058300296@nativeorg.com,123456
loadtest_user_1769058471663@nativeorg.com,123456
loadtest_user_1769058493164@nativeorg.com,123456
loadtest_user_1769058600934@nativeorg.com,123456
loadtest_user_1769058686380@nativeorg.com,123456
loadtest_user_1769059692553@nativeorg.com,123456
loadtest_user_1769055291589@nativeorg.com,123456
loadtest_user_1769055312893@nativeorg.com,123456
loadtest_user_1769055483772@nativeorg.com,123456
loadtest_user_1769055505250@nativeorg.com,123456
loadtest_user_1769055696959@nativeorg.com,123456
loadtest_user_1769055930275@nativeorg.com,123456
loadtest_user_1769056036221@nativeorg.com,123456
loadtest_user_1769056057692@nativeorg.com,123456
loadtest_user_1769055377084@nativeorg.com,123456
loadtest_user_1769055526582@nativeorg.com,123456
loadtest_user_1769055590376@nativeorg.com,123456
loadtest_user_1769058577904@nativeorg.com,123456
loadtest_user_1769061162050@nativeorg.com,123456
loadtest_user_1769055398225@nativeorg.com,123456
loadtest_user_1769056784052@nativeorg.com,123456
loadtest_user_1769057040774@nativeorg.com,123456
loadtest_user_1769058064828@nativeorg.com,123456
loadtest_user_1769058665305@nativeorg.com,123456
loadtest_user_1769059670739@nativeorg.com,123456
loadtest_user_1769059908885@nativeorg.com,123456
loadtest_user_1769055419467@nativeorg.com,123456
loadtest_user_1769058513969@nativeorg.com,123456
loadtest_user_1769058878520@nativeorg.com,123456
loadtest_user_1769059420187@nativeorg.com,123456
loadtest_user_1769059570606@nativeorg.com,123456
loadtest_user_1769060517370@nativeorg.com,123456
loadtest_user_1769055462367@nativeorg.com,123456
loadtest_user_1769057723440@nativeorg.com,123456
loadtest_user_1769057830034@nativeorg.com,123456
loadtest_user_1769055547721@nativeorg.com,123456
loadtest_user_1769056015254@nativeorg.com,123456
loadtest_user_1769057530902@nativeorg.com,123456
loadtest_user_1769058043246@nativeorg.com,123456
loadtest_user_1769058107912@nativeorg.com,123456
loadtest_user_1769059134917@nativeorg.com,123456
loadtest_user_1769055569495@nativeorg.com,123456
loadtest_user_1769057253395@nativeorg.com,123456
loadtest_user_1769059930578@nativeorg.com,123456
loadtest_user_1769059974326@nativeorg.com,123456
loadtest_user_1769060797132@nativeorg.com,123456
loadtest_user_1769061205005@nativeorg.com,123456
loadtest_user_1769061258795@nativeorg.com,123456
loadtest_user_1769055611381@nativeorg.com,123456
loadtest_user_1769055994246@nativeorg.com,123456
loadtest_user_1769057702455@nativeorg.com,123456
loadtest_user_1769055654016@nativeorg.com,123456
loadtest_user_1769056720039@nativeorg.com,123456
loadtest_user_1769057360229@nativeorg.com,123456
loadtest_user_1769057509694@nativeorg.com,123456
loadtest_user_1769058321466@nativeorg.com,123456
loadtest_user_1769059028095@nativeorg.com,123456
loadtest_user_1769059756823@nativeorg.com,123456
loadtest_user_1769055675273@nativeorg.com,123456
loadtest_user_1769055781594@nativeorg.com,123456
loadtest_user_1769056421098@nativeorg.com,123456
loadtest_user_1769057893603@nativeorg.com,123456
loadtest_user_1769055739159@nativeorg.com,123456
loadtest_user_1769055760635@nativeorg.com,123456
loadtest_user_1769055908663@nativeorg.com,123456
loadtest_user_1769056378643@nativeorg.com,123456
loadtest_user_1769056463357@nativeorg.com,123456
loadtest_user_1769056655780@nativeorg.com,123456
loadtest_user_1769055803012@nativeorg.com,123456
loadtest_user_1769055866809@nativeorg.com,123456
loadtest_user_1769056869662@nativeorg.com,123456
loadtest_user_1769057296384@nativeorg.com,123456
loadtest_user_1769057339086@nativeorg.com,123456
loadtest_user_1769055824018@nativeorg.com,123456
loadtest_user_1769056079371@nativeorg.com,123456
loadtest_user_1769060711120@nativeorg.com,123456
loadtest_user_1769055845309@nativeorg.com,123456
loadtest_user_1769056612506@nativeorg.com,123456
loadtest_user_1769059800033@nativeorg.com,123456
loadtest_user_1769055951387@nativeorg.com,123456
loadtest_user_1769057787326@nativeorg.com,123456
loadtest_user_1769058129039@nativeorg.com,123456
loadtest_user_1769060668024@nativeorg.com,123456
loadtest_user_1769060732479@nativeorg.com,123456
loadtest_user_1769056122311@nativeorg.com,123456
loadtest_user_1769056143325@nativeorg.com,123456
loadtest_user_1769057616043@nativeorg.com,123456
loadtest_user_1769056164335@nativeorg.com,123456
loadtest_user_1769056186013@nativeorg.com,123456
loadtest_user_1769056314168@nativeorg.com,123456
loadtest_user_1769059319356@nativeorg.com,123456
loadtest_user_1769056206915@nativeorg.com,123456
loadtest_user_1769056569436@nativeorg.com,123456
loadtest_user_1769056249752@nativeorg.com,123456
loadtest_user_1769056677179@nativeorg.com,123456
loadtest_user_1769058535327@nativeorg.com,123456
loadtest_user_1769059298121@nativeorg.com,123456
loadtest_user_1769059995557@nativeorg.com,123456
loadtest_user_1769056270940@nativeorg.com,123456
loadtest_user_1769056933527@nativeorg.com,123456
loadtest_user_1769060017955@nativeorg.com,123456
loadtest_user_1769056357447@nativeorg.com,123456
loadtest_user_1769058707415@nativeorg.com,123456
loadtest_user_1769056399516@nativeorg.com,123456
loadtest_user_1769056548118@nativeorg.com,123456
loadtest_user_1769056762592@nativeorg.com,123456
loadtest_user_1769057382208@nativeorg.com,123456
loadtest_user_1769057744967@nativeorg.com,123456
loadtest_user_1769060409955@nativeorg.com,123456
loadtest_user_1769060978481@nativeorg.com,123456
loadtest_user_1769061043601@nativeorg.com,123456
loadtest_user_1769061454974@nativeorg.com,123456
loadtest_user_1769056442365@nativeorg.com,123456
loadtest_user_1769059735551@nativeorg.com,123456
loadtest_user_1769056484814@nativeorg.com,123456
loadtest_user_1769058342836@nativeorg.com,123456
loadtest_user_1769060148472@nativeorg.com,123456
loadtest_user_1769060324138@nativeorg.com,123456
loadtest_user_1769056505977@nativeorg.com,123456
loadtest_user_1769056633974@nativeorg.com,123456
loadtest_user_1769060279933@nativeorg.com,123456
loadtest_user_1769056526929@nativeorg.com,123456
loadtest_user_1769056848261@nativeorg.com,123456
loadtest_user_1769057872688@nativeorg.com,123456
loadtest_user_1769059778732@nativeorg.com,123456
loadtest_user_1769060957713@nativeorg.com,123456
loadtest_user_1769061307277@nativeorg.com,123456
loadtest_user_1769056591435@nativeorg.com,123456
loadtest_user_1769056698348@nativeorg.com,123456
loadtest_user_1769057189867@nativeorg.com,123456
loadtest_user_1769057317938@nativeorg.com,123456
loadtest_user_1769057487907@nativeorg.com,123456
loadtest_user_1769058728882@nativeorg.com,123456
loadtest_user_1769056741038@nativeorg.com,123456
loadtest_user_1769057681398@nativeorg.com,123456
loadtest_user_1769058171825@nativeorg.com,123456
loadtest_user_1769056826357@nativeorg.com,123456
loadtest_user_1769056976499@nativeorg.com,123456
loadtest_user_1769057232476@nativeorg.com,123456
loadtest_user_1769057573677@nativeorg.com,123456
loadtest_user_1769057915078@nativeorg.com,123456
loadtest_user_1769058814380@nativeorg.com,123456
loadtest_user_1769061021411@nativeorg.com,123456
loadtest_user_1769056955316@nativeorg.com,123456
loadtest_user_1769056997522@nativeorg.com,123456
loadtest_user_1769057466955@nativeorg.com,123456
loadtest_user_1769058278679@nativeorg.com,123456
loadtest_user_1769057019879@nativeorg.com,123456
loadtest_user_1769057424310@nativeorg.com,123456
loadtest_user_1769057061582@nativeorg.com,123456
loadtest_user_1769057104837@nativeorg.com,123456
loadtest_user_1769057125997@nativeorg.com,123456
loadtest_user_1769057147737@nativeorg.com,123456
loadtest_user_1769057168753@nativeorg.com,123456
loadtest_user_1769061433560@nativeorg.com,123456
loadtest_user_1769057275122@nativeorg.com,123456
loadtest_user_1769060891963@nativeorg.com,123456
loadtest_user_1769057403386@nativeorg.com,123456
loadtest_user_1769060104682@nativeorg.com,123456
loadtest_user_1769060126321@nativeorg.com,123456
loadtest_user_1769057445888@nativeorg.com,123456
loadtest_user_1769057552016@nativeorg.com,123456
loadtest_user_1769057594591@nativeorg.com,123456
loadtest_user_1769057659818@nativeorg.com,123456
loadtest_user_1769058149930@nativeorg.com,123456
loadtest_user_1769058428843@nativeorg.com,123456
loadtest_user_1769058771164@nativeorg.com,123456
loadtest_user_1769059485485@nativeorg.com,123456
loadtest_user_1769059627660@nativeorg.com,123456
loadtest_user_1769057766120@nativeorg.com,123456
loadtest_user_1769057851153@nativeorg.com,123456
loadtest_user_1769059092684@nativeorg.com,123456
loadtest_user_1769059865533@nativeorg.com,123456
loadtest_user_1769060581929@nativeorg.com,123456
loadtest_user_1769060626040@nativeorg.com,123456
loadtest_user_1769061097234@nativeorg.com,123456
loadtest_user_1769057936470@nativeorg.com,123456
loadtest_user_1769058000742@nativeorg.com,123456
loadtest_user_1769060818791@nativeorg.com,123456
loadtest_user_1769057957567@nativeorg.com,123456
loadtest_user_1769058386104@nativeorg.com,123456
loadtest_user_1769058643584@nativeorg.com,123456
loadtest_user_1769058900088@nativeorg.com,123456
loadtest_user_1769059156819@nativeorg.com,123456
loadtest_user_1769061119026@nativeorg.com,123456
loadtest_user_1769057978945@nativeorg.com,123456
loadtest_user_1769058193045@nativeorg.com,123456
loadtest_user_1769061000172@nativeorg.com,123456
loadtest_user_1769058085932@nativeorg.com,123456
loadtest_user_1769058921374@nativeorg.com,123456
loadtest_user_1769059212329@nativeorg.com,123456
loadtest_user_1769059233718@nativeorg.com,123456
loadtest_user_1769058214143@nativeorg.com,123456
loadtest_user_1769058556754@nativeorg.com,123456
loadtest_user_1769058942399@nativeorg.com,123456
loadtest_user_1769059070117@nativeorg.com,123456
loadtest_user_1769059177935@nativeorg.com,123456
loadtest_user_1769058257577@nativeorg.com,123456
loadtest_user_1769060495539@nativeorg.com,123456
loadtest_user_1769058407653@nativeorg.com,123456
loadtest_user_1769058449976@nativeorg.com,123456
loadtest_user_1769060236182@nativeorg.com,123456
loadtest_user_1769060258653@nativeorg.com,123456
loadtest_user_1769058622155@nativeorg.com,123456
loadtest_user_1769058750131@nativeorg.com,123456
loadtest_user_1769059528325@nativeorg.com,123456
loadtest_user_1769058792905@nativeorg.com,123456
loadtest_user_1769059006846@nativeorg.com,123456
loadtest_user_1769060039541@nativeorg.com,123456
loadtest_user_1769058857568@nativeorg.com,123456
loadtest_user_1769058963934@nativeorg.com,123456
loadtest_user_1769060474452@nativeorg.com,123456
loadtest_user_1769060690031@nativeorg.com,123456
loadtest_user_1769058985922@nativeorg.com,123456
loadtest_user_1769059049236@nativeorg.com,123456
loadtest_user_1769059113786@nativeorg.com,123456
loadtest_user_1769059362470@nativeorg.com,123456
loadtest_user_1769059255100@nativeorg.com,123456
loadtest_user_1769059276596@nativeorg.com,123456
loadtest_user_1769059341066@nativeorg.com,123456
loadtest_user_1769059606289@nativeorg.com,123456
loadtest_user_1769059384638@nativeorg.com,123456
loadtest_user_1769060083217@nativeorg.com,123456
loadtest_user_1769060345609@nativeorg.com,123456
loadtest_user_1769061280089@nativeorg.com,123456
loadtest_user_1769059441677@nativeorg.com,123456
loadtest_user_1769059464022@nativeorg.com,123456
loadtest_user_1769059714419@nativeorg.com,123456
loadtest_user_1769059843855@nativeorg.com,123456
loadtest_user_1769060560363@nativeorg.com,123456
loadtest_user_1769059506619@nativeorg.com,123456
loadtest_user_1769061337529@nativeorg.com,123456
loadtest_user_1769059822268@nativeorg.com,123456
loadtest_user_1769060935796@nativeorg.com,123456
loadtest_user_1769059887288@nativeorg.com,123456
loadtest_user_1769060170087@nativeorg.com,123456
loadtest_user_1769059952939@nativeorg.com,123456
loadtest_user_1769060192183@nativeorg.com,123456
loadtest_user_1769060913999@nativeorg.com,123456
loadtest_user_1769060214703@nativeorg.com,123456
loadtest_user_1769060776125@nativeorg.com,123456
loadtest_user_1769061140937@nativeorg.com,123456
loadtest_user_1769060388765@nativeorg.com,123456
loadtest_user_1769060431314@nativeorg.com,123456
loadtest_user_1769060452948@nativeorg.com,123456
loadtest_user_1769060646690@nativeorg.com,123456
loadtest_user_1769060754231@nativeorg.com,123456
loadtest_user_1769060839994@nativeorg.com,123456
loadtest_user_1769061074940@nativeorg.com,123456
loadtest_user_1769061384431@nativeorg.com,123456
loadtest_user_1769060861023@nativeorg.com,123456
loadtest_user_1769061359174@nativeorg.com,123456
loadtest_user_1769061405678@nativeorg.com,123456
loadtest_user_1769147742539@nativeorg.com,123456
loadtest_user_1769147764023@nativeorg.com,123456
loadtest_user_1769150140428@nativeorg.com,123456
loadtest_user_1769142723221@nativeorg.com,123456
loadtest_user_1769142937074@nativeorg.com,123456
loadtest_user_1769143341021@nativeorg.com,123456
loadtest_user_1769145028478@nativeorg.com,123456
loadtest_user_1769145598070@nativeorg.com,123456
loadtest_user_1769145956731@nativeorg.com,123456
loadtest_user_1769145977718@nativeorg.com,123456
loadtest_user_1769146635838@nativeorg.com,123456
loadtest_user_1769146911880@nativeorg.com,123456
loadtest_user_1769147615621@nativeorg.com,123456
loadtest_user_1769147658043@nativeorg.com,123456
loadtest_user_1769148632052@nativeorg.com,123456
loadtest_user_1769148801834@nativeorg.com,123456
loadtest_user_1769149503937@nativeorg.com,123456
loadtest_user_1769142744151@nativeorg.com,123456
loadtest_user_1769143320253@nativeorg.com,123456
loadtest_user_1769142808664@nativeorg.com,123456
loadtest_user_1769149478997@nativeorg.com,123456
loadtest_user_1769142850975@nativeorg.com,123456
loadtest_user_1769146126400@nativeorg.com,123456
loadtest_user_1769149732295@nativeorg.com,123456
loadtest_user_1769150515103@nativeorg.com,123456
loadtest_user_1769142872706@nativeorg.com,123456
loadtest_user_1769142915420@nativeorg.com,123456
loadtest_user_1769143236383@nativeorg.com,123456
loadtest_user_1769145872406@nativeorg.com,123456
loadtest_user_1769147232356@nativeorg.com,123456
loadtest_user_1769142894046@nativeorg.com,123456
loadtest_user_1769144355101@nativeorg.com,123456
loadtest_user_1769144397228@nativeorg.com,123456
loadtest_user_1769144818040@nativeorg.com,123456
loadtest_user_1769145322800@nativeorg.com,123456    
loadtest_user_1769145661440@nativeorg.com,123456
loadtest_user_1769147551440@nativeorg.com,123456
loadtest_user_1769148780092@nativeorg.com,123456
loadtest_user_1769149180667@nativeorg.com,123456
loadtest_user_1769149796409@nativeorg.com,123456
loadtest_user_1769150408539@nativeorg.com,123456
loadtest_user_1769150705539@nativeorg.com,123456    
loadtest_user_1769142958620@nativeorg.com,123456
loadtest_user_1769143129393@nativeorg.com,123456
loadtest_user_1769144418025@nativeorg.com,123456
loadtest_user_1769147083386@nativeorg.com,123456
loadtest_user_1769148927930@nativeorg.com,123456
loadtest_user_1769149622994@nativeorg.com,123456
loadtest_user_1769142979548@nativeorg.com,123456
loadtest_user_1769143001165@nativeorg.com,123456
loadtest_user_1769144312772@nativeorg.com,123456
loadtest_user_1769148653033@nativeorg.com,123456
loadtest_user_1769149710594@nativeorg.com,123456
loadtest_user_1769143064754@nativeorg.com,123456
loadtest_user_1769144079809@nativeorg.com,123456
loadtest_user_1769144691763@nativeorg.com,123456
loadtest_user_1769147996931@nativeorg.com,123456
loadtest_user_1769148589689@nativeorg.com,123456
loadtest_user_1769148970302@nativeorg.com,123456
loadtest_user_1769143107110@nativeorg.com,123456
loadtest_user_1769143150918@nativeorg.com,123456
loadtest_user_1769143257123@nativeorg.com,123456
loadtest_user_1769145492028@nativeorg.com,123456
loadtest_user_1769145788140@nativeorg.com,123456    
loadtest_user_1769146805488@nativeorg.com,123456    
loadtest_user_1769143299576@nativeorg.com,123456
loadtest_user_1769143362317@nativeorg.com,123456
loadtest_user_1769144481484@nativeorg.com,123456
loadtest_user_1769145513414@nativeorg.com,123456
loadtest_user_1769145640550@nativeorg.com,123456
loadtest_user_1769148611116@nativeorg.com,123456
loadtest_user_1769143383151@nativeorg.com,123456
loadtest_user_1769145725114@nativeorg.com,123456
loadtest_user_1769148229596@nativeorg.com,123456
loadtest_user_1769143403715@nativeorg.com,123456
loadtest_user_1769144986281@nativeorg.com,123456
loadtest_user_1769145280285@nativeorg.com,123456
loadtest_user_1769148208459@nativeorg.com,123456
loadtest_user_1769148251080@nativeorg.com,123456
loadtest_user_1769148885562@nativeorg.com,123456
loadtest_user_1769143424878@nativeorg.com,123456
loadtest_user_1769143466664@nativeorg.com,123456
loadtest_user_1769147530240@nativeorg.com,123456
loadtest_user_1769150096901@nativeorg.com,123456
loadtest_user_1769143445824@nativeorg.com,123456
loadtest_user_1769147253721@nativeorg.com,123456    
loadtest_user_1769147721546@nativeorg.com,123456
loadtest_user_1769149428764@nativeorg.com,123456
loadtest_user_1769143487949@nativeorg.com,123456
loadtest_user_1769144587171@nativeorg.com,123456
loadtest_user_1769148335373@nativeorg.com,123456
loadtest_user_1769149989686@nativeorg.com,123456
loadtest_user_1769143509099@nativeorg.com,123456
loadtest_user_1769147954624@nativeorg.com,123456
loadtest_user_1769149645091@nativeorg.com,123456
loadtest_user_1769143552512@nativeorg.com,123456
loadtest_user_1769143635864@nativeorg.com,123456
loadtest_user_1769143699049@nativeorg.com,123456
loadtest_user_1769143953151@nativeorg.com,123456
loadtest_user_1769144164273@nativeorg.com,123456