outbound_user_1770010834897@nativeorg.com,123456
outbound_user_1770011141819@nativeorg.com,123456
outbound_user_1770011310313@nativeorg.com,123456
outbound_user_1770010881505@nativeorg.com,123456
outbound_user_1770010927232@nativeorg.com,123456
outbound_user_1770011156955@nativeorg.com,123456
outbound_user_1770011202851@nativeorg.com,123456
outbound_user_1770011279453@nativeorg.com,123456
outbound_user_1770011448138@nativeorg.com,123456
outbound_user_1770011463360@nativeorg.com,123456
outbound_user_1770013392430@nativeorg.com,123456
outbound_user_1770012017852@nativeorg.com,123456
outbound_user_1770012033401@nativeorg.com,123456
outbound_user_1770012638501@nativeorg.com,123456
outbound_user_1770012746656@nativeorg.com,123456
outbound_user_1770013576769@nativeorg.com,123456
outbound_user_1770011770932@nativeorg.com,123456
outbound_user_1770011940694@nativeorg.com,123456
outbound_user_1770011894214@nativeorg.com,123456
outbound_user_1770011218083@nativeorg.com,123456
outbound_user_1770011509775@nativeorg.com,123456
outbound_user_1770010633817@nativeorg.com,123456
outbound_user_1770010695891@nativeorg.com,123456
outbound_user_1770011004749@nativeorg.com,123456
outbound_user_1770012530974@nativeorg.com,123456
outbound_user_1770012916208@nativeorg.com,123456
outbound_user_1770010649247@nativeorg.com,123456
outbound_user_1770010664803@nativeorg.com,123456
outbound_user_1770010726300@nativeorg.com,123456
outbound_user_1770010942914@nativeorg.com,123456
outbound_user_1770011187830@nativeorg.com,123456
outbound_user_1770010679950@nativeorg.com,123456
outbound_user_1770010711004@nativeorg.com,123456
outbound_user_1770010958164@nativeorg.com,123456
outbound_user_1770010741281@nativeorg.com,123456
outbound_user_1770012961645@nativeorg.com,123456
outbound_user_1770013161352@nativeorg.com,123456
outbound_user_1770013253708@nativeorg.com,123456
outbound_user_1770010757817@nativeorg.com,123456
outbound_user_1770010773132@nativeorg.com,123456
outbound_user_1770011586307@nativeorg.com,123456
outbound_user_1770010788443@nativeorg.com,123456
outbound_user_1770010850141@nativeorg.com,123456
outbound_user_1770011050229@nativeorg.com,123456
outbound_user_1770011417259@nativeorg.com,123456
outbound_user_1770011478690@nativeorg.com,123456
outbound_user_1770011601535@nativeorg.com,123456
outbound_user_1770010803706@nativeorg.com,123456
outbound_user_1770011694078@nativeorg.com,123456
outbound_user_1770013653931@nativeorg.com,123456
outbound_user_1770010819506@nativeorg.com,123456
outbound_user_1770011494525@nativeorg.com,123456
outbound_user_1770012870212@nativeorg.com,123456
outbound_user_1770010865579@nativeorg.com,123456
outbound_user_1770011678840@nativeorg.com,123456
outbound_user_1770012002402@nativeorg.com,123456
outbound_user_1770010896685@nativeorg.com,123456
outbound_user_1770011663124@nativeorg.com,123456
outbound_user_1770010911942@nativeorg.com,123456
outbound_user_1770011786203@nativeorg.com,123456
outbound_user_1770011249044@nativeorg.com,123456
outbound_user_1770010973480@nativeorg.com,123456
outbound_user_1770011524859@nativeorg.com,123456
outbound_user_1770010988680@nativeorg.com,123456
outbound_user_1770011847859@nativeorg.com,123456
outbound_user_1770011863623@nativeorg.com,123456
outbound_user_1770012207488@nativeorg.com,123456
outbound_user_1770012222875@nativeorg.com,123456
outbound_user_1770012684876@nativeorg.com,123456
outbound_user_1770011020021@nativeorg.com,123456
outbound_user_1770011035318@nativeorg.com,123456
outbound_user_1770011432963@nativeorg.com,123456
outbound_user_1770011755564@nativeorg.com,123456
outbound_user_1770011817390@nativeorg.com,123456
outbound_user_1770011065834@nativeorg.com,123456
outbound_user_1770011096346@nativeorg.com,123456
outbound_user_1770011081130@nativeorg.com,123456
outbound_user_1770011111451@nativeorg.com,123456
outbound_user_1770011126887@nativeorg.com,123456
outbound_user_1770011264170@nativeorg.com,123456
outbound_user_1770011555591@nativeorg.com,123456
outbound_user_1770011617283@nativeorg.com,123456
outbound_user_1770012500470@nativeorg.com,123456
outbound_user_1770011172211@nativeorg.com,123456
outbound_user_1770011233282@nativeorg.com,123456
outbound_user_1770011355683@nativeorg.com,123456
outbound_user_1770011386804@nativeorg.com,123456
outbound_user_1770011802096@nativeorg.com,123456
outbound_user_1770012192252@nativeorg.com,123456
outbound_user_1770013191916@nativeorg.com,123456
outbound_user_1770011571021@nativeorg.com,123456
outbound_user_1770013053534@nativeorg.com,123456
outbound_user_1770013362089@nativeorg.com,123456
outbound_user_1770011294662@nativeorg.com,123456
outbound_user_1770011340562@nativeorg.com,123456
outbound_user_1770011371602@nativeorg.com,123456
outbound_user_1770011647970@nativeorg.com,123456
outbound_user_1770011325416@nativeorg.com,123456
outbound_user_1770011401875@nativeorg.com,123456
outbound_user_1770012546632@nativeorg.com,123456
outbound_user_1770013130279@nativeorg.com,123456
outbound_user_1770013515494@nativeorg.com,123456
outbound_user_1770013561669@nativeorg.com,123456
outbound_user_1770011540096@nativeorg.com,123456
outbound_user_1770011724671@nativeorg.com,123456
outbound_user_1770011971220@nativeorg.com,123456
outbound_user_1770011632539@nativeorg.com,123456
outbound_user_1770011709376@nativeorg.com,123456
outbound_user_1770011740246@nativeorg.com,123456
outbound_user_1770011832684@nativeorg.com,123456
outbound_user_1770011987073@nativeorg.com,123456
outbound_user_1770012731365@nativeorg.com,123456
outbound_user_1770011878899@nativeorg.com,123456
outbound_user_1770011955936@nativeorg.com,123456
outbound_user_1770011909442@nativeorg.com,123456
outbound_user_1770011925372@nativeorg.com,123456
outbound_user_1770012049658@nativeorg.com,123456
outbound_user_1770012608008@nativeorg.com,123456
outbound_user_1770013099684@nativeorg.com,123456
outbound_user_1770013223208@nativeorg.com,123456
outbound_user_1770012065140@nativeorg.com,123456
outbound_user_1770012330974@nativeorg.com,123456
outbound_user_1770012408192@nativeorg.com,123456
outbound_user_1770013423376@nativeorg.com,123456
outbound_user_1770013592661@nativeorg.com,123456
outbound_user_1770012080511@nativeorg.com,123456
outbound_user_1770012111560@nativeorg.com,123456
outbound_user_1770013115077@nativeorg.com,123456
outbound_user_1770012095694@nativeorg.com,123456
outbound_user_1770012653676@nativeorg.com,123456
outbound_user_1770012793066@nativeorg.com,123456
outbound_user_1770013407958@nativeorg.com,123456
outbound_user_1770012126900@nativeorg.com,123456
outbound_user_1770012315669@nativeorg.com,123456
outbound_user_1770012142358@nativeorg.com,123456
outbound_user_1770012157795@nativeorg.com,123456
outbound_user_1770012176867@nativeorg.com,123456
outbound_user_1770012485353@nativeorg.com,123456
outbound_user_1770013068544@nativeorg.com,123456
outbound_user_1770012238677@nativeorg.com,123456
outbound_user_1770012253875@nativeorg.com,123456
outbound_user_1770013531123@nativeorg.com,123456
outbound_user_1770012269266@nativeorg.com,123456
outbound_user_1770012454456@nativeorg.com,123456
outbound_user_1770012284658@nativeorg.com,123456
outbound_user_1770012392604@nativeorg.com,123456
outbound_user_1770012300505@nativeorg.com,123456
outbound_user_1770012346161@nativeorg.com,123456
outbound_user_1770012576965@nativeorg.com,123456
outbound_user_1770012623200@nativeorg.com,123456
outbound_user_1770012808416@nativeorg.com,123456
outbound_user_1770012361984@nativeorg.com,123456
outbound_user_1770012377101@nativeorg.com,123456
outbound_user_1770012423864@nativeorg.com,123456
outbound_user_1770013300282@nativeorg.com,123456
outbound_user_1770012439280@nativeorg.com,123456
outbound_user_1770012469592@nativeorg.com,123456
outbound_user_1770012669643@nativeorg.com,123456
outbound_user_1770013285066@nativeorg.com,123456
outbound_user_1770013377122@nativeorg.com,123456
outbound_user_1770012515722@nativeorg.com,123456
outbound_user_1770013438674@nativeorg.com,123456
outbound_user_1770012561795@nativeorg.com,123456
outbound_user_1770012592324@nativeorg.com,123456
outbound_user_1770013207377@nativeorg.com,123456
outbound_user_1770013684610@nativeorg.com,123456
outbound_user_1770012700087@nativeorg.com,123456
outbound_user_1770013083871@nativeorg.com,123456
outbound_user_1770013176645@nativeorg.com,123456
outbound_user_1770012715514@nativeorg.com,123456
outbound_user_1770012977184@nativeorg.com,123456
outbound_user_1770013022664@nativeorg.com,123456
outbound_user_1770013638444@nativeorg.com,123456
outbound_user_1770012761948@nativeorg.com,123456
outbound_user_1770013269377@nativeorg.com,123456
outbound_user_1770012777195@nativeorg.com,123456
outbound_user_1770013669022@nativeorg.com,123456
outbound_user_1770012823804@nativeorg.com,123456
outbound_user_1770012839050@nativeorg.com,123456
outbound_user_1770013038197@nativeorg.com,123456
outbound_user_1770013699898@nativeorg.com,123456
outbound_user_1770012854813@nativeorg.com,123456
outbound_user_1770013315524@nativeorg.com,123456
outbound_user_1770013453852@nativeorg.com,123456
outbound_user_1770012885219@nativeorg.com,123456
outbound_user_1770012900505@nativeorg.com,123456
outbound_user_1770012931293@nativeorg.com,123456
outbound_user_1770012946518@nativeorg.com,123456
outbound_user_1770012992263@nativeorg.com,123456
outbound_user_1770013546319@nativeorg.com,123456
outbound_user_1770013007425@nativeorg.com,123456
outbound_user_1770013145717@nativeorg.com,123456
outbound_user_1770013608006@nativeorg.com,123456
outbound_user_1770013238490@nativeorg.com,123456
outbound_user_1770013346888@nativeorg.com,123456
outbound_user_1770013330708@nativeorg.com,123456
outbound_user_1770013469648@nativeorg.com,123456
outbound_user_1770013485120@nativeorg.com,123456
outbound_user_1770013500256@nativeorg.com,123456
outbound_user_1770013623194@nativeorg.com,123456